Feature,Importance
IQ,0.18120565730696936
age,0.1606581420371245
ethnicity,0.09622261779104084
social_interaction,0.07274769859478099
anxiety,0.06987946690193804
sensory_sensitivity,0.06898836771165583
communication_skills,0.06775932616802417
motor_skills,0.0658488070070785
repetitive_behavior,0.04487647886556756
speech_delay,0.04449801644375455
family_history,0.043975880518432243
gender,0.04194808833695616
eye_contact,0.04139145231667727
